cbh_id,cbh_nome,municipio
piquiri_parana2,CBH Piquiri e Paraná 2,Tapejara
piquiri_parana2,CBH Piquiri e Paraná 2,Querência do Norte
piquiri_parana2,CBH Piquiri e Paraná 2,Formosa do Oeste
piquiri_parana2,CBH Piquiri e Paraná 2,Marquinho
piquiri_parana2,CBH Piquiri e Paraná 2,Campo Bonito
piquiri_parana2,CBH Piquiri e Paraná 2,Guaraniaçu
piquiri_parana2,CBH Piquiri e Paraná 2,Guarapuava
piquiri_parana2,CBH Piquiri e Paraná 2,Cafelândia
piquiri_parana2,CBH Piquiri e Paraná 2,Nova Aurora
piquiri_parana2,CBH Piquiri e Paraná 2,Laranjeiras do Sul
piquiri_parana2,CBH Piquiri e Paraná 2,Cascavel
piquiri_parana2,CBH Piquiri e Paraná 2,Cantagalo
piquiri_parana2,CBH Piquiri e Paraná 2,Nova Laranjeiras
piquiri_parana2,CBH Piquiri e Paraná 2,Goioxim
piquiri_parana2,CBH Piquiri e Paraná 2,Perobal
piquiri_parana2,CBH Piquiri e Paraná 2,Janiópolis
piquiri_parana2,CBH Piquiri e Paraná 2,Brasilândia do Sul
piquiri_parana2,CBH Piquiri e Paraná 2,Braganey
piquiri_parana2,CBH Piquiri e Paraná 2,Catanduvas
piquiri_parana2,CBH Piquiri e Paraná 2,Altamira do Paraná
piquiri_parana2,CBH Piquiri e Paraná 2,São Jorge do Patrocínio
piquiri_parana2,CBH Piquiri e Paraná 2,Alto Piquiri
piquiri_parana2,CBH Piquiri e Paraná 2,Jesuítas
piquiri_parana2,CBH Piquiri e Paraná 2,Francisco Alves
piquiri_parana2,CBH Piquiri e Paraná 2,Iracema do Oeste
piquiri_parana2,CBH Piquiri e Paraná 2,Araruna
piquiri_parana2,CBH Piquiri e Paraná 2,Tuneiras do Oeste
piquiri_parana2,CBH Piquiri e Paraná 2,Ibema
piquiri_parana2,CBH Piquiri e Paraná 2,Santa Maria do Oeste
piquiri_parana2,CBH Piquiri e Paraná 2,Boa Ventura de São Roque
piquiri_parana2,CBH Piquiri e Paraná 2,Campina do Simão
piquiri_parana2,CBH Piquiri e Paraná 2,Palmital
piquiri_parana2,CBH Piquiri e Paraná 2,Diamante do Sul
piquiri_parana2,CBH Piquiri e Paraná 2,Tupãssi
piquiri_parana2,CBH Piquiri e Paraná 2,Campina da Lagoa
piquiri_parana2,CBH Piquiri e Paraná 2,Turvo
piquiri_parana2,CBH Piquiri e Paraná 2,Laranjal
piquiri_parana2,CBH Piquiri e Paraná 2,Nova Cantú
piquiri_parana2,CBH Piquiri e Paraná 2,Pitanga
piquiri_parana2,CBH Piquiri e Paraná 2,Mato Rico
piquiri_parana2,CBH Piquiri e Paraná 2,Roncador
piquiri_parana2,CBH Piquiri e Paraná 2,Corbélia
piquiri_parana2,CBH Piquiri e Paraná 2,Iguatu
piquiri_parana2,CBH Piquiri e Paraná 2,Anahy
piquiri_parana2,CBH Piquiri e Paraná 2,Ubiratã
piquiri_parana2,CBH Piquiri e Paraná 2,Juranda
piquiri_parana2,CBH Piquiri e Paraná 2,Nova Santa Rosa
piquiri_parana2,CBH Piquiri e Paraná 2,Toledo
piquiri_parana2,CBH Piquiri e Paraná 2,Maripá
piquiri_parana2,CBH Piquiri e Paraná 2,Quarto Centenário
piquiri_parana2,CBH Piquiri e Paraná 2,Rancho Alegre D'Oeste
piquiri_parana2,CBH Piquiri e Paraná 2,Assis Chateaubriand
piquiri_parana2,CBH Piquiri e Paraná 2,Goioerê
piquiri_parana2,CBH Piquiri e Paraná 2,Boa Esperança
piquiri_parana2,CBH Piquiri e Paraná 2,Mariluz
piquiri_parana2,CBH Piquiri e Paraná 2,Moreira Sales
piquiri_parana2,CBH Piquiri e Paraná 2,Terra Roxa
piquiri_parana2,CBH Piquiri e Paraná 2,Iporã
piquiri_parana2,CBH Piquiri e Paraná 2,Cruzeiro do Oeste
piquiri_parana2,CBH Piquiri e Paraná 2,Cafezal do Sul
piquiri_parana2,CBH Piquiri e Paraná 2,Pérola
piquiri_parana2,CBH Piquiri e Paraná 2,Xambrê
piquiri_parana2,CBH Piquiri e Paraná 2,Cianorte
piquiri_parana2,CBH Piquiri e Paraná 2,Esperança Nova
piquiri_parana2,CBH Piquiri e Paraná 2,Alto Paraíso
piquiri_parana2,CBH Piquiri e Paraná 2,Palotina
piquiri_parana2,CBH Piquiri e Paraná 2,Guaíra
piquiri_parana2,CBH Piquiri e Paraná 2,Campo Mourão
piquiri_parana2,CBH Piquiri e Paraná 2,Luiziana
piquiri_parana2,CBH Piquiri e Paraná 2,Icaraíma
piquiri_parana2,CBH Piquiri e Paraná 2,Altônia
piquiri_parana2,CBH Piquiri e Paraná 2,Mamborê
piquiri_parana2,CBH Piquiri e Paraná 2,Farol
rio_tibagi,CBH Rio Tibagi,Palmeira
rio_tibagi,CBH Rio Tibagi,Ponta Grossa
rio_tibagi,CBH Rio Tibagi,Porto Amazonas
rio_tibagi,CBH Rio Tibagi,São João do Triunfo
rio_tibagi,CBH Rio Tibagi,Fernandes Pinheiro
rio_tibagi,CBH Rio Tibagi,Irati
rio_tibagi,CBH Rio Tibagi,Campo Largo
rio_tibagi,CBH Rio Tibagi,Teixeira Soares
rio_tibagi,CBH Rio Tibagi,Imbituva
rio_tibagi,CBH Rio Tibagi,Guamiranga
rio_tibagi,CBH Rio Tibagi,Ivaí
rio_tibagi,CBH Rio Tibagi,Ipiranga
rio_tibagi,CBH Rio Tibagi,Castro
rio_tibagi,CBH Rio Tibagi,Carambeí
rio_tibagi,CBH Rio Tibagi,Reserva
rio_tibagi,CBH Rio Tibagi,Tibagi
rio_tibagi,CBH Rio Tibagi,Piraí do Sul
rio_tibagi,CBH Rio Tibagi,Imbaú
rio_tibagi,CBH Rio Tibagi,Ventania
rio_tibagi,CBH Rio Tibagi,Telêmaco Borba
rio_tibagi,CBH Rio Tibagi,Ortigueira
rio_tibagi,CBH Rio Tibagi,Faxinal
rio_tibagi,CBH Rio Tibagi,Mauá da Serra
rio_tibagi,CBH Rio Tibagi,Tamarana
rio_tibagi,CBH Rio Tibagi,Curiúva
rio_tibagi,CBH Rio Tibagi,Sapopema
rio_tibagi,CBH Rio Tibagi,Figueira
rio_tibagi,CBH Rio Tibagi,São Jerônimo da Serra
rio_tibagi,CBH Rio Tibagi,Marilândia do Sul
rio_tibagi,CBH Rio Tibagi,Califórnia
rio_tibagi,CBH Rio Tibagi,Apucarana
rio_tibagi,CBH Rio Tibagi,Arapongas
rio_tibagi,CBH Rio Tibagi,Rolândia
rio_tibagi,CBH Rio Tibagi,Cambé
rio_tibagi,CBH Rio Tibagi,Londrina
rio_tibagi,CBH Rio Tibagi,Nova Santa Bárbara
rio_tibagi,CBH Rio Tibagi,Santa Cecília do Pavão
rio_tibagi,CBH Rio Tibagi,Santo Antônio do Paraíso
rio_tibagi,CBH Rio Tibagi,Congonhinhas
rio_tibagi,CBH Rio Tibagi,Nova Fátima
rio_tibagi,CBH Rio Tibagi,São Sebastião da Amoreira
rio_tibagi,CBH Rio Tibagi,Assaí
rio_tibagi,CBH Rio Tibagi,Nova América da Colina
rio_tibagi,CBH Rio Tibagi,Cornélio Procópio
rio_tibagi,CBH Rio Tibagi,Uraí
rio_tibagi,CBH Rio Tibagi,Jataizinho
rio_tibagi,CBH Rio Tibagi,Rancho Alegre
rio_tibagi,CBH Rio Tibagi,Leópolis
rio_tibagi,CBH Rio Tibagi,Ibiporã
rio_tibagi,CBH Rio Tibagi,Sertanópolis
rio_tibagi,CBH Rio Tibagi,Bela Vista do Paraíso
rio_tibagi,CBH Rio Tibagi,Primeiro de Maio
rio_tibagi,CBH Rio Tibagi,Sertaneja
rio_jordao,CBH Rio Jordão,Guarapuava
rio_jordao,CBH Rio Jordão,Inácio Martins
rio_jordao,CBH Rio Jordão,Pinhão
rio_jordao,CBH Rio Jordão,Candói
rio_jordao,CBH Rio Jordão,Foz do Jordão
rio_jordao,CBH Rio Jordão,Reserva do Iguaçu
rio_jordao,CBH Rio Jordão,Campina do Simão
parana3,CBH Paraná 3,Altônia
parana3,CBH Paraná 3,Cascavel
parana3,CBH Paraná 3,Céu Azul
parana3,CBH Paraná 3,Diamante do Oeste
parana3,CBH Paraná 3,Entre Rios do Oeste
parana3,CBH Paraná 3,Foz do Iguaçu
parana3,CBH Paraná 3,Guaíra
parana3,CBH Paraná 3,Itaipulândia
parana3,CBH Paraná 3,Matelândia
parana3,CBH Paraná 3,Marechal Cândido Rondon
parana3,CBH Paraná 3,Maripá
parana3,CBH Paraná 3,Medianeira
parana3,CBH Paraná 3,Mercedes
parana3,CBH Paraná 3,Missal
parana3,CBH Paraná 3,Nova Santa Rosa
parana3,CBH Paraná 3,Ouro Verde do Oeste
parana3,CBH Paraná 3,Pato Bragado
parana3,CBH Paraná 3,Quatro Pontes
parana3,CBH Paraná 3,Ramilândia
parana3,CBH Paraná 3,São José das Palmeiras
parana3,CBH Paraná 3,São Pedro do Iguaçu
parana3,CBH Paraná 3,São Miguel do Iguaçu
parana3,CBH Paraná 3,Santa Helena
parana3,CBH Paraná 3,Santa Tereza do Oeste
parana3,CBH Paraná 3,Santa Terezinha de Itaipu
parana3,CBH Paraná 3,Toledo
parana3,CBH Paraná 3,Terra Roxa
parana3,CBH Paraná 3,Vera Cruz do Oeste
litoranea,CBH Litorânea,Antonina
litoranea,CBH Litorânea,Guaraqueçaba
litoranea,CBH Litorânea,Guaratuba
litoranea,CBH Litorânea,Matinhos
litoranea,CBH Litorânea,Morretes
litoranea,CBH Litorânea,Paranaguá
litoranea,CBH Litorânea,Piraquara
litoranea,CBH Litorânea,Pontal do Paraná
litoranea,CBH Litorânea,Quatro Barras
litoranea,CBH Litorânea,São José dos Pinhais
litoranea,CBH Litorânea,Tijucas do Sul
piraponema,CBH Piraponema,Alto Paraná
piraponema,CBH Piraponema,Cambira
piraponema,CBH Piraponema,Inajá
piraponema,CBH Piraponema,Mandaguari
piraponema,CBH Piraponema,Paranavaí
piraponema,CBH Piraponema,São Antonio do Caiuá
piraponema,CBH Piraponema,Alvorada do Sul
piraponema,CBH Piraponema,Centenário do Sul
piraponema,CBH Piraponema,Itaguajé
piraponema,CBH Piraponema,Marialva
piraponema,CBH Piraponema,Pitangueiras
piraponema,CBH Piraponema,Santo Inácio
piraponema,CBH Piraponema,Ângulo
piraponema,CBH Piraponema,Colorado
piraponema,CBH Piraponema,Itaúna do Sul
piraponema,CBH Piraponema,Maringá
piraponema,CBH Piraponema,Porecatu
piraponema,CBH Piraponema,São João do Caiuá
piraponema,CBH Piraponema,Apucarana
piraponema,CBH Piraponema,Cruzeiro do Sul
piraponema,CBH Piraponema,Jaguapitã
piraponema,CBH Piraponema,Miraselva
piraponema,CBH Piraponema,Prado Ferreira
piraponema,CBH Piraponema,Sarandi
piraponema,CBH Piraponema,Arapongas
piraponema,CBH Piraponema,Diamante do Norte
piraponema,CBH Piraponema,Jandaia do Sul
piraponema,CBH Piraponema,Munhoz de Mello
piraponema,CBH Piraponema,Presidente Castelo Branco
piraponema,CBH Piraponema,Terra Rica
piraponema,CBH Piraponema,Astorga
piraponema,CBH Piraponema,Florestópolis
piraponema,CBH Piraponema,Jardim Olinda
piraponema,CBH Piraponema,Nossa Senhora das Graças
piraponema,CBH Piraponema,Primeiro de Maio
piraponema,CBH Piraponema,Uniflor
piraponema,CBH Piraponema,Atalaia
piraponema,CBH Piraponema,Flórida
piraponema,CBH Piraponema,Loanda
piraponema,CBH Piraponema,Nova Esperança
piraponema,CBH Piraponema,Rolândia
piraponema,CBH Piraponema,Bela Vista do Paraíso
piraponema,CBH Piraponema,Guairaçá
piraponema,CBH Piraponema,Lobato
piraponema,CBH Piraponema,Nova Londrina
piraponema,CBH Piraponema,Sabáudia
piraponema,CBH Piraponema,Cafeara
piraponema,CBH Piraponema,Guaraci
piraponema,CBH Piraponema,Lupionópolis
piraponema,CBH Piraponema,Paranacity
piraponema,CBH Piraponema,Santa Fé
piraponema,CBH Piraponema,Cambé
piraponema,CBH Piraponema,Iguaraçu
piraponema,CBH Piraponema,Mandaguaçu
piraponema,CBH Piraponema,Paranapoema
piraponema,CBH Piraponema,Santa Inês
norte_pioneiro,CBH Norte Pioneiro,Abatiá
norte_pioneiro,CBH Norte Pioneiro,Andirá
norte_pioneiro,CBH Norte Pioneiro,Arapoti
norte_pioneiro,CBH Norte Pioneiro,Bandeirantes
norte_pioneiro,CBH Norte Pioneiro,Barra do Jacaré
norte_pioneiro,CBH Norte Pioneiro,Cambará
norte_pioneiro,CBH Norte Pioneiro,Carlópolis
norte_pioneiro,CBH Norte Pioneiro,Congonhinhas
norte_pioneiro,CBH Norte Pioneiro,Conselheiro Mairinck
norte_pioneiro,CBH Norte Pioneiro,Cornélio Procópio
norte_pioneiro,CBH Norte Pioneiro,Curiúva
norte_pioneiro,CBH Norte Pioneiro,Figueira
norte_pioneiro,CBH Norte Pioneiro,Guapirama
norte_pioneiro,CBH Norte Pioneiro,Ibaiti
norte_pioneiro,CBH Norte Pioneiro,Itambaracá
norte_pioneiro,CBH Norte Pioneiro,Jaboti
norte_pioneiro,CBH Norte Pioneiro,Jacarezinho
norte_pioneiro,CBH Norte Pioneiro,Jaguariaíva
norte_pioneiro,CBH Norte Pioneiro,Japira
norte_pioneiro,CBH Norte Pioneiro,Joaquim Távora
norte_pioneiro,CBH Norte Pioneiro,Jundiaí do Sul
norte_pioneiro,CBH Norte Pioneiro,Leópolis
norte_pioneiro,CBH Norte Pioneiro,Nova Fátima
norte_pioneiro,CBH Norte Pioneiro,Pinhalão
norte_pioneiro,CBH Norte Pioneiro,Piraí do Sul
norte_pioneiro,CBH Norte Pioneiro,Quatiguá
norte_pioneiro,CBH Norte Pioneiro,Ribeirão Claro
norte_pioneiro,CBH Norte Pioneiro,Ribeirão do Pinhal
norte_pioneiro,CBH Norte Pioneiro,Salto do Itararé
norte_pioneiro,CBH Norte Pioneiro,Santa Amélia
norte_pioneiro,CBH Norte Pioneiro,Santa Mariana
norte_pioneiro,CBH Norte Pioneiro,Santana do Itararé
norte_pioneiro,CBH Norte Pioneiro,Santo Antônio da Platina
norte_pioneiro,CBH Norte Pioneiro,São José da Boa Vista
norte_pioneiro,CBH Norte Pioneiro,Sapopema
norte_pioneiro,CBH Norte Pioneiro,Sengés
norte_pioneiro,CBH Norte Pioneiro,Sertaneja
norte_pioneiro,CBH Norte Pioneiro,Siqueira Campos
norte_pioneiro,CBH Norte Pioneiro,Tomazina
norte_pioneiro,CBH Norte Pioneiro,Ventania
norte_pioneiro,CBH Norte Pioneiro,Wenceslau Braz
baixo_ivai_parana1,CBH Baixo Ivaí e Paraná 1,Alto Paraná
baixo_ivai_parana1,CBH Baixo Ivaí e Paraná 1,Amaporã
baixo_ivai_parana1,CBH Baixo Ivaí e Paraná 1,Araruna
baixo_ivai_parana1,CBH Baixo Ivaí e Paraná 1,Campo Mourão
baixo_ivai_parana1,CBH Baixo Ivaí e Paraná 1,Cianorte
baixo_ivai_parana1,CBH Baixo Ivaí e Paraná 1,Cidade Gaúcha
baixo_ivai_parana1,CBH Baixo Ivaí e Paraná 1,Cruzeiro do Oeste
baixo_ivai_parana1,CBH Baixo Ivaí e Paraná 1,Douradina
baixo_ivai_parana1,CBH Baixo Ivaí e Paraná 1,Doutor Camargo
baixo_ivai_parana1,CBH Baixo Ivaí e Paraná 1,Engenheiro Beltrão
baixo_ivai_parana1,CBH Baixo Ivaí e Paraná 1,Floraí
baixo_ivai_parana1,CBH Baixo Ivaí e Paraná 1,Floresta
baixo_ivai_parana1,CBH Baixo Ivaí e Paraná 1,Guairaça
baixo_ivai_parana1,CBH Baixo Ivaí e Paraná 1,Guaporema
baixo_ivai_parana1,CBH Baixo Ivaí e Paraná 1,Icaraíma
baixo_ivai_parana1,CBH Baixo Ivaí e Paraná 1,Indianópolis
baixo_ivai_parana1,CBH Baixo Ivaí e Paraná 1,Ivaté
baixo_ivai_parana1,CBH Baixo Ivaí e Paraná 1,Ivatuba
baixo_ivai_parana1,CBH Baixo Ivaí e Paraná 1,Japurá
baixo_ivai_parana1,CBH Baixo Ivaí e Paraná 1,Jussara
baixo_ivai_parana1,CBH Baixo Ivaí e Paraná 1,Loanda
baixo_ivai_parana1,CBH Baixo Ivaí e Paraná 1,Mandaguaçu
baixo_ivai_parana1,CBH Baixo Ivaí e Paraná 1,Maria Helena
baixo_ivai_parana1,CBH Baixo Ivaí e Paraná 1,Marilena
baixo_ivai_parana1,CBH Baixo Ivaí e Paraná 1,Maringá
baixo_ivai_parana1,CBH Baixo Ivaí e Paraná 1,Mirador
baixo_ivai_parana1,CBH Baixo Ivaí e Paraná 1,Nova Aliança do Ivaí
baixo_ivai_parana1,CBH Baixo Ivaí e Paraná 1,Nova Esperança
baixo_ivai_parana1,CBH Baixo Ivaí e Paraná 1,Nova Olímpia
baixo_ivai_parana1,CBH Baixo Ivaí e Paraná 1,Ourizona
baixo_ivai_parana1,CBH Baixo Ivaí e Paraná 1,Paiçandu
baixo_ivai_parana1,CBH Baixo Ivaí e Paraná 1,Paraíso do Norte
baixo_ivai_parana1,CBH Baixo Ivaí e Paraná 1,Paranavaí
baixo_ivai_parana1,CBH Baixo Ivaí e Paraná 1,Peabiru
baixo_ivai_parana1,CBH Baixo Ivaí e Paraná 1,Planaltina do Paraná
baixo_ivai_parana1,CBH Baixo Ivaí e Paraná 1,Porto Rico
baixo_ivai_parana1,CBH Baixo Ivaí e Paraná 1,Presidente Castelo Branco
baixo_ivai_parana1,CBH Baixo Ivaí e Paraná 1,Querência do Norte
baixo_ivai_parana1,CBH Baixo Ivaí e Paraná 1,Rondon
baixo_ivai_parana1,CBH Baixo Ivaí e Paraná 1,Santa Cruz do Monte Castelo
baixo_ivai_parana1,CBH Baixo Ivaí e Paraná 1,Santa Izabel do Ivaí
baixo_ivai_parana1,CBH Baixo Ivaí e Paraná 1,Santa Mônica
baixo_ivai_parana1,CBH Baixo Ivaí e Paraná 1,São Carlos do Ivaí
baixo_ivai_parana1,CBH Baixo Ivaí e Paraná 1,São Jorge do Ivaí
baixo_ivai_parana1,CBH Baixo Ivaí e Paraná 1,São Manoel do Paraná
baixo_ivai_parana1,CBH Baixo Ivaí e Paraná 1,São Pedro do Paraná
baixo_ivai_parana1,CBH Baixo Ivaí e Paraná 1,São Tomé
baixo_ivai_parana1,CBH Baixo Ivaí e Paraná 1,Tamboara
baixo_ivai_parana1,CBH Baixo Ivaí e Paraná 1,Tapejara
baixo_ivai_parana1,CBH Baixo Ivaí e Paraná 1,Tapira
baixo_ivai_parana1,CBH Baixo Ivaí e Paraná 1,Terra Boa
baixo_ivai_parana1,CBH Baixo Ivaí e Paraná 1,Tuneiras do Oeste
baixo_ivai_parana1,CBH Baixo Ivaí e Paraná 1,Umuarama
alto_ivai,CBH Alto Ivaí,Apucarana
alto_ivai,CBH Alto Ivaí,Arapuã
alto_ivai,CBH Alto Ivaí,Ariranha do Ivaí
alto_ivai,CBH Alto Ivaí,Barbosa Ferraz
alto_ivai,CBH Alto Ivaí,Boa Ventura de São Roque
alto_ivai,CBH Alto Ivaí,Bom Sucesso
alto_ivai,CBH Alto Ivaí,Borrazópolis
alto_ivai,CBH Alto Ivaí,Califórnia
alto_ivai,CBH Alto Ivaí,Cambira
alto_ivai,CBH Alto Ivaí,Campo Mourão
alto_ivai,CBH Alto Ivaí,Cândido de Abreu
alto_ivai,CBH Alto Ivaí,Corumbataí do Sul
alto_ivai,CBH Alto Ivaí,Cruzmaltina
alto_ivai,CBH Alto Ivaí,Engenheiro Beltrão
alto_ivai,CBH Alto Ivaí,Faxinal
alto_ivai,CBH Alto Ivaí,Fênix
alto_ivai,CBH Alto Ivaí,Floresta
alto_ivai,CBH Alto Ivaí,Godoy Moreira
alto_ivai,CBH Alto Ivaí,Grandes Rios
alto_ivai,CBH Alto Ivaí,Guamiranga
alto_ivai,CBH Alto Ivaí,Guarapuava
alto_ivai,CBH Alto Ivaí,Irati
alto_ivai,CBH Alto Ivaí,Iretama
alto_ivai,CBH Alto Ivaí,Itambé
alto_ivai,CBH Alto Ivaí,Ivaí
alto_ivai,CBH Alto Ivaí,Ivaiporã
alto_ivai,CBH Alto Ivaí,Jandaia do Sul
alto_ivai,CBH Alto Ivaí,Jardim Alegre
alto_ivai,CBH Alto Ivaí,Kaloré
alto_ivai,CBH Alto Ivaí,Lidianópolis
alto_ivai,CBH Alto Ivaí,Luiziana
alto_ivai,CBH Alto Ivaí,Lunardelli
alto_ivai,CBH Alto Ivaí,Mamborê
alto_ivai,CBH Alto Ivaí,Mandaguari
alto_ivai,CBH Alto Ivaí,Manoel Ribas
alto_ivai,CBH Alto Ivaí,Marialva
alto_ivai,CBH Alto Ivaí,Marilândia do Sul
alto_ivai,CBH Alto Ivaí,Maringá
alto_ivai,CBH Alto Ivaí,Marumbi
alto_ivai,CBH Alto Ivaí,Mato Rico
alto_ivai,CBH Alto Ivaí,Mauá da Serra
alto_ivai,CBH Alto Ivaí,Nova Tebas
alto_ivai,CBH Alto Ivaí,Novo Itacolomi
alto_ivai,CBH Alto Ivaí,Ortigueira
alto_ivai,CBH Alto Ivaí,Peabiru
alto_ivai,CBH Alto Ivaí,Pitanga
alto_ivai,CBH Alto Ivaí,Prudentópolis
alto_ivai,CBH Alto Ivaí,Quinta do Sol
alto_ivai,CBH Alto Ivaí,Reserva
alto_ivai,CBH Alto Ivaí,Rio Bom
alto_ivai,CBH Alto Ivaí,Rio Branco do Ivaí
alto_ivai,CBH Alto Ivaí,Roncador
alto_ivai,CBH Alto Ivaí,Rosário do Ivaí
alto_ivai,CBH Alto Ivaí,Santa Maria do Oeste
alto_ivai,CBH Alto Ivaí,São João do Ivaí
alto_ivai,CBH Alto Ivaí,São Pedro do Ivaí
alto_ivai,CBH Alto Ivaí,Sarandi
alto_ivai,CBH Alto Ivaí,Turvo
coaliar,CBH Coaliar,Adrianópolis
coaliar,CBH Coaliar,Agudos do Sul
coaliar,CBH Coaliar,Almirante Tamandaré
coaliar,CBH Coaliar,Antônio Olinto
coaliar,CBH Coaliar,Araucária
coaliar,CBH Coaliar,Balsa Nova
coaliar,CBH Coaliar,Bocaiúva do Sul
coaliar,CBH Coaliar,Campina Grande do Sul
coaliar,CBH Coaliar,Campo do Tenente
coaliar,CBH Coaliar,Campo Largo
coaliar,CBH Coaliar,Campo Magro
coaliar,CBH Coaliar,Castro
coaliar,CBH Coaliar,Cerro Azul
coaliar,CBH Coaliar,Colombo
coaliar,CBH Coaliar,Contenda
coaliar,CBH Coaliar,Curitiba
coaliar,CBH Coaliar,Doutor Ulysses
coaliar,CBH Coaliar,Fazenda Rio Grande
coaliar,CBH Coaliar,Guaraqueçaba
coaliar,CBH Coaliar,Itaperuçu
coaliar,CBH Coaliar,Lapa
coaliar,CBH Coaliar,Mandirituba
coaliar,CBH Coaliar,Palmeira
coaliar,CBH Coaliar,Piên
coaliar,CBH Coaliar,Pinhais
coaliar,CBH Coaliar,Piraquara
coaliar,CBH Coaliar,Ponta Grossa
coaliar,CBH Coaliar,Porto Amazonas
coaliar,CBH Coaliar,Quatro Barras
coaliar,CBH Coaliar,Quitandinha
coaliar,CBH Coaliar,Rio Branco do Sul
coaliar,CBH Coaliar,Rio Negro
coaliar,CBH Coaliar,São João do Triunfo
coaliar,CBH Coaliar,São José dos Pinhais
coaliar,CBH Coaliar,São Mateus do Sul
coaliar,CBH Coaliar,Tijucas do Sul
coaliar,CBH Coaliar,Tunas do Paraná
medio_iguacu,CBH Médio Iguaçu,Bituruna
medio_iguacu,CBH Médio Iguaçu,Coronel Domingos Soares
medio_iguacu,CBH Médio Iguaçu,Cruz Machado
medio_iguacu,CBH Médio Iguaçu,General Carneiro
medio_iguacu,CBH Médio Iguaçu,Honório Serpa
medio_iguacu,CBH Médio Iguaçu,Inácio Martins
medio_iguacu,CBH Médio Iguaçu,Irati
medio_iguacu,CBH Médio Iguaçu,Mallet
medio_iguacu,CBH Médio Iguaçu,Mangueirinha
medio_iguacu,CBH Médio Iguaçu,Palmas
medio_iguacu,CBH Médio Iguaçu,Paula Freitas
medio_iguacu,CBH Médio Iguaçu,Paulo Frontin
medio_iguacu,CBH Médio Iguaçu,Pinhão
medio_iguacu,CBH Médio Iguaçu,Porto Vitória
medio_iguacu,CBH Médio Iguaçu,Rebouças
medio_iguacu,CBH Médio Iguaçu,Reserva do Iguaçu
medio_iguacu,CBH Médio Iguaçu,Rio Azul
medio_iguacu,CBH Médio Iguaçu,São João do Triunfo
medio_iguacu,CBH Médio Iguaçu,São Mateus do Sul
medio_iguacu,CBH Médio Iguaçu,União da Vitória
baixo_iguacu,CBH Baixo Iguaçu,Ampére
baixo_iguacu,CBH Baixo Iguaçu,Barracão
baixo_iguacu,CBH Baixo Iguaçu,Bela Vista da Caroba
baixo_iguacu,CBH Baixo Iguaçu,Boa Esperança do Iguaçu
baixo_iguacu,CBH Baixo Iguaçu,Boa Vista da Aparecida
baixo_iguacu,CBH Baixo Iguaçu,Bom Jesus do Sul
baixo_iguacu,CBH Baixo Iguaçu,Bom Sucesso do Sul
baixo_iguacu,CBH Baixo Iguaçu,Candói
baixo_iguacu,CBH Baixo Iguaçu,Cantagalo
baixo_iguacu,CBH Baixo Iguaçu,Capanema
baixo_iguacu,CBH Baixo Iguaçu,Capitão Leonidas Marques
baixo_iguacu,CBH Baixo Iguaçu,Cascavel
baixo_iguacu,CBH Baixo Iguaçu,Catanduvas
baixo_iguacu,CBH Baixo Iguaçu,Céu Azul
baixo_iguacu,CBH Baixo Iguaçu,Chopinzinho
baixo_iguacu,CBH Baixo Iguaçu,Clevelândia
baixo_iguacu,CBH Baixo Iguaçu,Coronel Domingos Soares
baixo_iguacu,CBH Baixo Iguaçu,Coronel Vivida
baixo_iguacu,CBH Baixo Iguaçu,Cruzeiro do Iguaçu
baixo_iguacu,CBH Baixo Iguaçu,Dois Vizinhos
baixo_iguacu,CBH Baixo Iguaçu,Enéas Marques
baixo_iguacu,CBH Baixo Iguaçu,Espigão Alto do Iguaçu
baixo_iguacu,CBH Baixo Iguaçu,Flor da Serra do Sul
baixo_iguacu,CBH Baixo Iguaçu,Foz do Iguaçu
baixo_iguacu,CBH Baixo Iguaçu,Francisco Beltrão
baixo_iguacu,CBH Baixo Iguaçu,Goioxim
baixo_iguacu,CBH Baixo Iguaçu,Guaraniaçu
baixo_iguacu,CBH Baixo Iguaçu,Honório Serpa
baixo_iguacu,CBH Baixo Iguaçu,Ibema
baixo_iguacu,CBH Baixo Iguaçu,Itapejara d'Oeste
baixo_iguacu,CBH Baixo Iguaçu,Laranjeiras do Sul
baixo_iguacu,CBH Baixo Iguaçu,Lindoeste
baixo_iguacu,CBH Baixo Iguaçu,Manfrinópolis
baixo_iguacu,CBH Baixo Iguaçu,Mariópolis
baixo_iguacu,CBH Baixo Iguaçu,Marmeleiro
baixo_iguacu,CBH Baixo Iguaçu,Matelândia
baixo_iguacu,CBH Baixo Iguaçu,Medianeira
baixo_iguacu,CBH Baixo Iguaçu,Nova Esperança do Sudoeste
baixo_iguacu,CBH Baixo Iguaçu,Nova Laranjeiras
baixo_iguacu,CBH Baixo Iguaçu,Nova Prata do Iguaçu
baixo_iguacu,CBH Baixo Iguaçu,Palmas
baixo_iguacu,CBH Baixo Iguaçu,Pato Branco
baixo_iguacu,CBH Baixo Iguaçu,Pérola d'Oeste
baixo_iguacu,CBH Baixo Iguaçu,Pinhal de São Bento
baixo_iguacu,CBH Baixo Iguaçu,Planalto
baixo_iguacu,CBH Baixo Iguaçu,Porto Barreiro
baixo_iguacu,CBH Baixo Iguaçu,Pranchita
baixo_iguacu,CBH Baixo Iguaçu,Quedas do Iguaçu
baixo_iguacu,CBH Baixo Iguaçu,Realeza
baixo_iguacu,CBH Baixo Iguaçu,Renascença
baixo_iguacu,CBH Baixo Iguaçu,Rio Bonito do Iguaçu
baixo_iguacu,CBH Baixo Iguaçu,Salgado Filho
baixo_iguacu,CBH Baixo Iguaçu,Salto do Lontra
baixo_iguacu,CBH Baixo Iguaçu,Santa Izabel do Oeste
baixo_iguacu,CBH Baixo Iguaçu,Santa Lúcia
baixo_iguacu,CBH Baixo Iguaçu,Santa Tereza do Oeste
baixo_iguacu,CBH Baixo Iguaçu,Santa Terezinha do Itaipu
baixo_iguacu,CBH Baixo Iguaçu,Santo Antônio do Sudoeste
baixo_iguacu,CBH Baixo Iguaçu,São João
baixo_iguacu,CBH Baixo Iguaçu,São Jorge do Oeste
baixo_iguacu,CBH Baixo Iguaçu,São Miguel do Iguaçu
baixo_iguacu,CBH Baixo Iguaçu,Saudade do Iguaçu
baixo_iguacu,CBH Baixo Iguaçu,Serranópolis do Iguaçu
baixo_iguacu,CBH Baixo Iguaçu,Sulina
baixo_iguacu,CBH Baixo Iguaçu,Três Barras do Paraná
baixo_iguacu,CBH Baixo Iguaçu,Verê
baixo_iguacu,CBH Baixo Iguaçu,Virmond
baixo_iguacu,CBH Baixo Iguaçu,Vitorino
